100, Fri Sep 29 19:00:00 2023
120, Fri Sep 29 19:10:00 2023
140, Fri Sep 29 19:20:00 2023
160, Fri Sep 29 19:30:00 2023
180, Fri Sep 29 19:40:00 2023
200, Fri Sep 29 19:50:00 2023
220, Fri Sep 29 20:00:00 2023
240, Fri Sep 29 20:10:00 2023
260, Fri Sep 29 20:20:00 2023
280, Fri Sep 29 20:30:00 2023
300, Fri Sep 29 20:40:00 2023
320, Fri Sep 29 20:50:00 2023
350, Fri Sep 29 21:00:00 2023
380, Fri Sep 29 21:10:00 2023
400, Fri Sep 29 21:20:00 2023
450, Fri Sep 29 21:30:00 2023
500, Fri Sep 29 21:40:00 2023
550, Fri Sep 29 21:50:00 2023
600, Fri Sep 29 22:00:00 2023
650, Fri Sep 29 22:10:00 2023
700, Fri Sep 29 22:20:00 2023
750, Fri Sep 29 22:30:00 2023
800, Fri Sep 29 22:40:00 2023
850, Fri Sep 29 22:50:00 2023
900, Fri Sep 29 23:00:00 2023
950, Fri Sep 29 23:10:00 2023
1000, Fri Sep 29 23:20:00 2023
1050, Fri Sep 29 23:30:00 2023
1100, Fri Sep 29 23:40:00 2023
1150, Fri Sep 29 23:50:00 2023
1200, Fri Sep 29 23:59:00 2023
